res_id,res_name,AM Name,AM Email,TL Email,Cuisine,Locality,Concat,account_type,Sept OV,UM,MM,LA,la_base_code_suggested,la_step1,la_step2,la_step3,mm_base_code_suggested,um_base_code_suggested,la_active_promos,mm_active_promos,um_active_promos,Approached,Converted for Stepper,priority_score
R001,Viraj Restaurant,Shiv Kumar,shiv.kumar@zomato.com,manager1@zomato.com,North Indian,Koregaon Park,Koregaon Park - North Indian,Premium,75000,1,1,1,LA_BASE_001,Step 1 Complete,Step 2 Pending,Step 3 Not Started,MM_BASE_001,UM_BASE_001,Promo A,Promo B,Promo C,Yes,Yes,95
R002,Spice Garden,Shiv Kumar,shiv.kumar@zomato.com,manager1@zomato.com,Chinese,Viman Nagar,Viman Nagar - Chinese,Standard,45000,0,1,1,LA_BASE_002,Step 1 Complete,Step 2 Complete,Step 3 Pending,MM_BASE_002,UM_BASE_002,Promo D,Promo E,,Yes,Yes,88
R003,The Breakfast Club,Shiv Kumar,shiv.kumar@zomato.com,manager1@zomato.com,Continental,Kalyani Nagar,Kalyani Nagar - Continental,Premium,62000,1,0,1,LA_BASE_003,Step 1 Complete,Step 2 Complete,Step 3 Complete,MM_BASE_003,UM_BASE_003,Promo F,,Promo G,Yes,No,82
R004,Maharaja Bhog,Amdeep Singh,amdeep.singh@zomato.com,manager2@zomato.com,Gujarati,Hinjewadi,Hinjewadi - Gujarati,Standard,38000,0,1,0,LA_BASE_004,Step 1 Pending,,,MM_BASE_004,UM_BASE_004,,Promo H,,Yes,Yes,75
R005,Cafe Goodluck,Amdeep Singh,amdeep.singh@zomato.com,manager2@zomato.com,Bakery,Camp,Camp - Bakery,Premium,55000,1,1,1,LA_BASE_005,Step 1 Complete,Step 2 Complete,Step 3 Complete,MM_BASE_005,UM_BASE_005,Promo I,Promo J,Promo K,Yes,Yes,90
R006,Sushi Express,Shrawani Patil,shrawani.patil@zomato.com,manager1@zomato.com,Japanese,Baner,Baner - Japanese,Premium,68000,1,1,0,LA_BASE_006,Step 1 Complete,Step 2 Pending,,MM_BASE_006,UM_BASE_006,Promo L,Promo M,,No,No,70
R007,Tandoor Tales,Shrawani Patil,shrawani.patil@zomato.com,manager1@zomato.com,Mughlai,Wakad,Wakad - Mughlai,Standard,42000,0,0,1,LA_BASE_007,Step 1 Complete,,,MM_BASE_007,UM_BASE_007,Promo N,,,Yes,No,65
R008,Green Leaf,Rutuja Deshmukh,rutuja.deshmukh@zomato.com,manager2@zomato.com,South Indian,Kothrud,Kothrud - South Indian,Standard,35000,0,1,1,LA_BASE_008,Step 1 Pending,,,MM_BASE_008,UM_BASE_008,,Promo O,Promo P,No,No,60
R009,Pizza Paradise,Rutuja Deshmukh,rutuja.deshmukh@zomato.com,manager2@zomato.com,Italian,Aundh,Aundh - Italian,Premium,58000,1,0,1,LA_BASE_009,Step 1 Complete,Step 2 Complete,Step 3 Pending,MM_BASE_009,UM_BASE_009,Promo Q,,Promo R,Yes,Yes,85
R010,Biryani House,Amdeep Singh,amdeep.singh@zomato.com,manager2@zomato.com,Hyderabadi,Hadapsar,Hadapsar - Hyderabadi,Standard,48000,1,1,1,LA_BASE_010,Step 1 Complete,Step 2 Complete,Step 3 Complete,MM_BASE_010,UM_BASE_010,Promo S,Promo T,Promo U,Yes,Yes,92

