res_id,res_name,am_name,AM Email,TL Email,Cuisine,Locality,Concat,Toing Check,account_type,Sept OV,UM,MM,LA,res_orders,P1,P2,P3,P4,P5,P6,la_res_asv,la_asv_50p,la_asv_70p,la_asv_90p,la_active_promos,la_remove,la_base_code_suggested,la_step1,la_step2,la_step3,mm_res_asvc,mm_asv_50pc,mm_asv_70pc,mm_asv_90pc,mm_active_promos,mm_remove,mm_base_code_suggested,mm_step1,mm_step2,mm_step3,um_res_asvc,um_asv_50pc,um_asv_70pc,um_asv_90pc,um_active_promos,um_remove,um_base_code_suggested,um_step1,um_step2,um_step3,MVDO% for BOGO,priority,Res Cuisine,Dish Tag Priority 1,Dish Tag Priority 2,Dish Tag Priority 3,Dish Tag Priority 4,Dish Tag Priority 5,Dish Tag Priority 6,Dish Tag Priority 7,Locality X Cuisine,Approached,Converted for Stepper,LA Base Code Addition,MOV for LA Base Code,MVD for LA Base Code,LA Stepper 1 Addition,MOV for LA Stepper 1,MVD for LA Stepper 1,LA Stepper 2 Addition,MOV for LA Stepper 2,MVD for LA Stepper 2,LA Stepper 3 Addition,MOV for LA Stepper 3,MVD for LA Stepper 3,MM Base Code Addition,MOV for MM Base Code,MVD for MM Base Code,MM Stepper 1 Addition,MOV for MM Stepper 1,MVD for MM Stepper 1,MM Stepper 2 Addition,MOV for MM Stepper 2,MVD for MM Stepper 2,MM Stepper 3 Addition,MOV for MM Stepper 3,MVD for MM Stepper 3,UM Base Code Addition,MOV for UM Base Code,MVD for UM Base Code,UM Stepper 1 Addition,MOV for UM Stepper 1,MVD for UM Stepper 1,UM Stepper 2 Addition,MOV for UM Stepper 2,MVD for UM Stepper 2,UM Stepper 3 Addition,MOV for UM Stepper 3,MVD for UM Stepper 3,Converted for BOGO,Converted for Items < 199/159,Dish Added <199/159,No of Items Added,Item 1 Name,Item 2 Name,Item 3 Name,Item 4 Name,Item 5 Name,Item 6 Name,Item 7 Name,,LA,MM,UM,,LA,MM,UM,Sept OV,,Input LA,Input MM,Input UM,,Total LA,Total MM,Total UM,,LA,MM,UM,Stepper Check
19195746,Shahi Darbar,Anudeep Pawar,anudeep.pawar@zomato.com,samrudhh.bhave@zomato.com,Chinese,Camp Area,Camp AreaChinese,0,CA,52,23,12,15,0.0012,Salt 20-40%,BOGO,Salt 0-20,Stepper,Flash Sale,DOTD,425,390,490,630,0,0,40 upto 80,100 off at mov 349,125 off at mov 449,150 off at mov 549,475,440,540,680,,,,,,,525,490,590,730,0,0,40 upto 80,100 off at mov 349,125 off at mov 449,175 off at mov 699,0.00%,,,,,,,,,,"Chicken Fried Rice, Kerala Porotta, Chicken Schezwan Fried Rice, Chicken Hakka Noodles, Chicken Dum Biryani, Veg Hakka Noodles, Veg Schezwan Noodles, Masala Dosa, Chicken Tripple Rice, Veg Fried Rice, Chicken Manchow Soup, Chicken Lollipop [6 Pieces], Chicken Schezwan Noodles, Medu Vada [2 Vada], Veg Manchurian Dry, Chicken Lollipop Masala, Manchurian Noodle Combo (veg), Classic Steamed Idli [2 Pieces], Chicken Chilli Dry, Chicken Pad Thai Noodles, Non veg Hakka Noodles, Non Veg Manchurian Rice Combo, Chicken Schezwan Rice, Chicken Lollipop Dry, Non Veg Schezwan Rice",,,,,,,,,,,,,,,,,,,,,,,,,,,,,,,,,,,,,,,,,,,,,,,,,,,4,0,4,,0,0,0,52,South,0,0,0,,4,0,4,,0,1,0,1
18997747,Sardarji's Paratha & Chaap House,Anudeep Pawar,anudeep.pawar@zomato.com,samrudhh.bhave@zomato.com,North Indian,Kondhwa,KondhwaNorth Indian,1,CA,1095,396,345,326,0.0252,Salt 20-40%,BOGO,Salt 0-20,Stepper,Flash Sale,DOTD,376,276.66287,427.54605,589.7,0,0,40 upto 80,100 off at mov 249,125 off at mov 399,150 off at mov 549,378,281.27777,440.25333,663,0,0,40 upto 80,100 off at mov 249,125 off at mov 399,150 off at mov 549,450,392.61218,492.61218,816.2,0,0,No action required,100 off at mov 399,150 off at mov 549,200 off at mov 849,1.08%,#REF!,,,,,,,,,"Paneer Tikka Masala, Chicken Fried Rice, Dal Khichdi, Paneer Biryani, Paratha, Veg Biryani, Jeera Rice, Dal Tadka, Buff Tahari, Pav Bhaji, Chicken Schezwan Fried Rice, Paneer Butter Masala, Chicken Biryani, Ghar ki Thali, Buff Biryani, Veg Manchurian Dry, Chicken Tandoori, Masala Dosa, Medu Vada, Bun Maska, Chicken Dum Biryani, Paneer Tikka Biryani, Aloo Paratha, Thali [Mini], Steamed Idli",Yes,,,,,,,,,,,,,,,,,,,,,,,,,,,,,,,,,,,,,,,,,,,,,,,,,,4,4,3,,0,0,1,1095,South,0,0,0,,4,4,4,,0,0,0,1
20937757,Naadbramha Idli,Anudeep Pawar,anudeep.pawar@zomato.com,samrudhh.bhave@zomato.com,South Indian,Kondhwa,KondhwaSouth Indian,0,CA,78,39,27,11,0.0012,BOGO,Salt 0-20,Stepper,Flash Sale,FALSE,FALSE,209,209,309,330,0,0,40 upto 80,100 off at mov 249,125 off at mov 349,150 off at mov 449,259,259,309,330,0,0,40 upto 80,100 off at mov 249,125 off at mov 349,150 off at mov 449,309,309,320,399,0,0,40 upto 80,100 off at mov 249,125 off at mov 349,150 off at mov 449,0.00%,#REF!,,,,,,,,,"Masala Dosa, Idli [3 Pieces], Steamed Idli, Medu Vada [2 Vada], Medu Vada, Upma, Amul Pav Bhaji, Dahi Vada, Idli Medu Vada Mix [2 Idli, 1 Medu Vada], Sabudana Khichdi, Poha, Bonda, Onion Uttapam, Set Dosa, Loni Sponge Dosa, Dal Khichadi, Idli Vada, Onion Tomato Uttapam, Kanda Poha, Jeera Rice, Paneer Chingari, Dal Khichdi, Tea, Paneer Butter Masala, Sabudana Vada",Yes,No,,,,,,,,,,,,,,,,,,,,,,,,,,,,,,,,,,,,,,No,,,,,,,,,,,4,4,4,,0,0,0,78,South,0,0,0,,4,4,4,,0,0,0,1
19803560,Hotel Al Madeena,Anudeep Pawar,anudeep.pawar@zomato.com,samrudhh.bhave@zomato.com,North Indian,Hadapsar,HadapsarNorth Indian,0,CA,35,12,7,13,0.0015,Salt 20-40%,BOGO,Salt 0-20,Stepper,Flash Sale,DOTD,959,860.99,699,1455.37,0,0,100 off at mov 299,125 off at mov 499,175 off at mov 699,FLAT 20% off at MOV 1000,1009,910.99,749,1505.37,0,,No action required,125 off at mov 499,175 off at mov 699,FLAT 20% off at MOV 1000,,,,,0,,100 off at mov 299,125 off at mov 499,175 off at mov 699,FLAT 20% off at MOV 1000,70.00%,,,,,,,,,,"Aloo Paratha, Aloo Onion Paratha, Dal Khichdi, Veg Biryani, Pav Bhaji, Jeera Rice, Dal Tadka, Chicken Thali, Methi Paratha 4 with Dahi, Veg Thali, Paneer Masala, Methi Paratha, Paneer Tikka Biryani, Tawa Pulao, Paneer Tikka Masala, Dal Baati [3 Pieces], Chicken Fried Rice, Sabudana Khichdi, Mini Thali, Tandoori Chicken, Full Thali, Special Chicken Dum Biryani, Paneer Butter Masala, Chicken Masala, Egg Masala",Yes,Yes,Yes,349,80,Yes,549,80,Yes,749,80,No,,,Yes,349,80,Yes,549,80,Yes,749,80,No,,,Yes,349,80,Yes,549,80,Yes,749,80,No,,,No,,,,,,,,,,,,4,3,4,,0,1,0,35,South,3,3,3,,4,4,4,,0,1,0,1
20374279,Naadbrahma Idli,Anudeep Pawar,anudeep.pawar@zomato.com,samrudhh.bhave@zomato.com,South Indian,Pimple Saudagar,Pimple SaudagarSouth Indian,0,CA,116,50,35,28,0.002,Stepper,BOGO,Salt 0-20,Flash Sale,FALSE,FALSE,209,220,320,335,0,0,40 upto 80,100 off at mov 249,125 off at mov 349,150 off at mov 449,257,270,320,363,,0,,,,,307,320,320,363,0,0,40 upto 80,100 off at mov 249,125 off at mov 349,150 off at mov 449,0.00%,,,,,,,,,,"Ghee Masala Dosa, Classic Idli 3 Pc, Masala Dosa, Filter Coffee, Idli Vada Combo ( 2 Pc Idly & 4 Pc Mini Vada ), Ghee Mysore Masala Dosa, Classic Idly 3 Pc, Upma, Sabudana Vada, Sambar Vada ( 8 Pc )mini, Idli (2 Pc), Appe [Kuzhi Paniyaram], Mysore Masala Dosa, Ghee Mini Idly 16 Pc, Ghee Plain Dosa, Ghee Onion Tomato Uttappam, Sabudana Vada 4 Pc, Idli Sambar, Southway Meal, Ghee Onion Uthappam, Ghee Set Dosa 2pc, Idli with Sambar and Chutney, Bengaluru Butter Masala Dosa, Amul Butter Pav Bhaji, 2 Idli 1 Vada",Yes,No,,,,,,,,,,,,,,,,,,,,,,,,,,,,,,,,,,,,,,No,,,,,,,,,,,4,0,4,,0,0,0,116,South,0,0,0,,4,0,4,,0,1,0,1
21018000,Naadbramha Idli,Anudeep Pawar,anudeep.pawar@zomato.com,samrudhh.bhave@zomato.com,South Indian,Wakad,WakadSouth Indian,0,CA,412,138,159,114,0.0058,BOGO,Salt 0-20,Stepper,Flash Sale,FALSE,FALSE,211,173,273,335,0,0,40 upto 80,100 off at mov 249,125 off at mov 349,No action required,261,223,274.5,335,0,0,40 upto 80,100 off at mov 249,125 off at mov 349,150 off at mov 449,311,273,320,335,0,0,40 upto 80,100 off at mov 249,125 off at mov 349,150 off at mov 449,0.00%,#REF!,,,,,,,,,"Dal Khichdi, Ghee Masala Dosa, Veg Dum Biryani, Pav Bhaji, Masala Dosa, Paneer Biryani, Classic Idly 3 Pc, Classic Idli 3 Pc, Idli Chutney Sambar [6 Pcs], Jeera Rice, Ghee Mysore Masala Dosa, Veg Kolhapuri, Maharaja Thali ( North Indian Style ), Idli [6 Pieces], Medhu Vada 2 Pc, Veg Manchurian Dry, Ghee Plain Dosa, Upma, Mysore Masala Dosa, Ghee Mini Idly 16 Pc, Idli Chutney Sambar [12 Pcs], Dal Tadka, Appe, Idli [12 Pieces], Kaju Paneer Masala",Yes,No,,,,,,,,,,,,,,,,,,,,,,,,,,,,,,,,,,,,,,No,,,,,,,,,,,3,4,4,,1,0,0,412,South,0,0,0,,4,4,4,,0,0,0,1
20620475,Manwa Foods,Shiv Udasi,shiv.udasi@zomato.com,divya.gugle@zomato.com,Shawarma,Wagholi,WagholiShawarma,0,CA,49,15,17,17,0.0011,Salt 0-20,Stepper,Flash Sale,Salt 20-40%,BOGO,DOTD,233,270,370,370,0,0,40 upto 80,100 off at mov 299,125 off at mov 399,150 off at mov 499,283,320,420,420,,,,,,,333,370,470,470,0,0,40 upto 80,100 off at mov 349,125 off at mov 449,150 off at mov 549,1.55%,,,,,,,,,,"Chicken Shawarma, Chicken Fried Rice, Chicken Hakka Noodles, Chicken Lollipop, Chicken Shawarma Plate with 2 Pita, Chicken Schezwan Shawarma, Veg Hakka Noodles, Mini Chicken Burger, Chicken Triple Rice, Chicken Shawarma with Cheese, Chicken Shawarma Without Salad, Paneer Shawarma, Veg Cheese Burger, Chicken Open Plate Shawarma, Chicken Lollipop Masala, Chicken Shawarma with Eggs and Cheese, Jumbo Chicken Burger with Cheese, Chicken Schezwan Fried Rice, Veg Manchurian, Chicken Shawarma with Eggs, Chilli Chicken, Veg Manchurian Noodles, Tandoori Chicken Shawarma, Open Chicken Shawarma, Veg Manchurian Fried Rice",,,,,,,,,,,,,,,,,,,,,,,,,,,,,,,,,,,,,,,,,,,,,,,,,,,4,0,4,,0,0,0,49,Gripp,0,0,0,,4,0,4,,0,1,0,1
19948596,The Pizza Box,Anudeep Pawar,anudeep.pawar@zomato.com,samrudhh.bhave@zomato.com,Pizza,Senapati Bapat Road,Senapati Bapat RoadPizza,0,CA,167,38,58,64,0.0039,Salt 20-40%,Salt 0-20,BOGO,Flash Sale,Stepper,DOTD,486,369,469,808,0,0,40 upto 80,100 off at mov 349,125 off at mov 449,200 off at mov 799,536,369,469,808,0,0,40 upto 80,100 off at mov 349,125 off at mov 449,200 off at mov 799,602,426,526,1097,0,0,100 off at mov 299,125 off at mov 449,150 off at mov 549,FLAT 20% off at MOV 1000,0.00%,,,,,,,,,,"Paneer Tikka Pizza, Cheesy Classic Pizza, Golden Corn Pizza, Classic Onion Pizza, Peppy Paneer Pizza, Classic Corn Cheese, Tandoori Burger, Salted French Fries (200 Gm), Peri Peri French Fries With Mayonnaise (200 Gm), Margherita Pizza, Paneer & Capsicum Pizza, Simply Veggie Pizza, Tandoori Pocket ( 2 Pcs), Onion & Mushroom Pizza, Veg Barbeque Burger, Chilli Garlic Potato Shots With Chipotle Dressing (15 Pcs), Spicy Delight Onion Green Chili Pizza, Veg Supreme Burger, Paneer, Onion & Capsicum Pizza, Capsicum & Red Paprika Pizza, Aloo Tikki Burger, Classic Onion Capsicum, Makhani Burger, Golden Corn & Jalapenos Pizza, Mexican Nachos",,,,,,,,,,,,,,,,,,,,,,,,,,,,,,,,,,,,,,,,,,,,,,,,,,,4,4,4,,0,0,0,167,South,0,0,0,,4,4,4,,0,0,0,0
13409,Green Field Resto Bar,Anudeep Pawar,anudeep.pawar@zomato.com,samrudhh.bhave@zomato.com,North Indian,Sinhgad Road,Sinhgad RoadNorth Indian,0,CA,592,253,181,156,0.0102,Salt 20-40%,BOGO,Salt 0-20,Stepper,Flash Sale,DOTD,558,459.33334,638.875,965,0,0,100 off at mov 299,125 off at mov 449,150 off at mov 599,200 off at mov 949,608,509.33334,639.6905,965,0,0,40 upto 80,125 off at mov 449,150 off at mov 599,200 off at mov 949,651,573.9091,699,1170.1333,0,0,100 off at mov 299,125 off at mov 499,175 off at mov 699,FLAT 20% off at MOV 1000,0.00%,,,,,,,,,,"Dal Khichdi, Amul Pav Bhaji, Paneer Tikka Masala, Veg Manchurian, Veg Biryani, Jeera Rice, Dal Tadka, Paneer Chilli, Steamed Idli Sambar, Medu Vada Sambar, Veg Kolhapuri, Veg Maratha, Paneer Crispy, Paneer Tikka Biryani, Paneer Handi, Veg Manchow Soup, Masala Dosa, Chicken Special Thali, Veg Pulao, Sabudana Vada, Punjabi Thali, Veg Hakka Noodles, Veg Crispy, Veg Manchurian Dry, Veg Schezwan Fried Rice",,,,,,,,,,,,,,,,,,,,,,,,,,,,,,,,,,,,,,,,,,,,,,,,,,,4,4,4,,0,0,0,592,South,0,0,0,,4,4,4,,0,0,0,1
21686891,Shan - E - Punjab,Anudeep Pawar,anudeep.pawar@zomato.com,samrudhh.bhave@zomato.com,North Indian,Undri,UndriNorth Indian,0,CA,227,100,75,51,0.004,Salt 20-40%,BOGO,Salt 0-20,Stepper,Flash Sale,DOTD,527,420,650,830,"['GET200-849-200', 'SIXER100-349-100']",0,No action required,No action required,No action required,No action required,577,470,650,830,['SIXER100-349-100'],0,No action required,No action required,No action required,200 off at mov 849,603,494,699,1026,['SIXER100-349-100'],0,100 off at mov 299,125 off at mov 499,175 off at mov 699,FLAT 20% off at MOV 1000,20.00%,#REF!,,,,,,,,,"Spl Chole Bature, Jeera Rice, Dal Khichdi, Veg Manchow Soup, Dal Tadka, Aloo Paratha, Special Punjabi Thali, Paneer Tikka Masala, Veg Hakka Noodles, Dal Khichdi Tadka, Laccha Paratha, Chicken Tandoori, Veg Biryani, Samosa [2 Pieces], Chicken Fried Rice, Veg Maratha, Matka Dum Biryani, Chicken Kolhapuri [6 Pieces], Veg Manchurian, 2 Paratha with Aloo Bhujiya, Chole Bhature, Cold Drinks, Paneer Chilli, Paneer Butter Masala, Paneer Paratha",,,,,,,,,,,,,,,,,,,,,,,,,,,,,,,,,,,,,,,,,,,,,,,,,,,0,1,4,,4,3,0,227,South,0,0,0,,4,4,4,,1,0,0,1
22124192,Annapurna Rasoi,Shiv Udasi,shiv.udasi@zomato.com,divya.gugle@zomato.com,Gujarati,Dange Chowk,Dange ChowkGujarati,0,CA,92,26,29,34,0.0035,Salt 20-40%,BOGO,Stepper,Flash Sale,Salt 0-20,FALSE,215,195,295,350,"['FEAST175-399-175', 'SIXER150-349-150']",0,40 upto 80,100 off at mov 249,No action required,No action required,215,245,295,430,"['FEAST175-399-175', 'SIXER150-349-150']",0,40 upto 80,100 off at mov 249,No action required,No action required,288,255,355,555,"['FEAST175-399-175', 'SIXER150-349-150']",0,40 upto 80,100 off at mov 249,No action required,No action required,25.35%,,,,,,,,,,"Aloo Paratha, Gujarati Special Thepla, Methi Thepla, Aloo Sabzi, Yellow Khaman Dhokla, Phulka with Ghee, Masala Rice, Sev Tameta Nu Shaak, Jowar Rotla, Kadhi with Masala Rice, Gujarati Special Kadhi, 4 Yellow Poori, Triangle Paratha, Bajra Rotlo, 4 White Poori, Jeera Rice, Thepla, Gujarati Special Methi Thepla",Yes,,,,,,,,,,,,,,,,,,,,,,,,,,,,,,,,,,,,,,,,,,,,,,,,,,4,4,4,,0,0,0,92,Gripp,0,0,0,,4,4,4,,0,0,0,0
19801019,Hotel Malabar,Anudeep Pawar,anudeep.pawar@zomato.com,samrudhh.bhave@zomato.com,North Indian,Dhanori,DhanoriNorth Indian,0,CA,167,39,65,59,0.0052,Salt 20-40%,BOGO,Salt 0-20,Stepper,Flash Sale,DOTD,1049,827.18,699,1726.63,['DELIGHT75-159-75'],0,100 off at mov 299,125 off at mov 499,175 off at mov 699,FLAT 20% off at MOV 1000,1137,889.9,699,1782,['DELIGHT75-159-75'],0,100 off at mov 299,125 off at mov 499,175 off at mov 699,FLAT 20% off at MOV 1000,1371,1276,699,2238.5,['DELIGHT75-159-75'],0,No action required,125 off at mov 499,175 off at mov 699,FLAT 20% off at MOV 1000,70.00%,#REF!,,,,,,,,,"Veg Thali, Special Thali, Dal Khichdi, Veg Manchow Soup, Aloo Paratha, Chole Bhatoore, Dal Tadka, Veg Biryani, Jeera Rice, Tandoori Soya Chaap, Chicken Biryani, Veg Matka Biryani, Paneer Tikka Masala, Tawa Chappati (3pcs), Veg Manchurian, Paneer Tikka Masala Dal Makhani Meal, Paneer Lawabdar Tikka (must Try), Pav Bhaji, Paneer Chilli, Chicken Lollipop (6pcs), Chicken Tandoori, Veg Pulao, Veg Hakka Noodles, Tadke Wali Dal Khichdi, Paneer Butter Masala",,,,,,,,,,,,,,,,,,,,,,,,,,,,,,,,,,,,,,,,,,,,,,,,,,,4,4,3,,0,0,1,167,South,0,0,0,,4,4,4,,0,0,0,1
19933363,Buns & Beyond,Anudeep Pawar,anudeep.pawar@zomato.com,samrudhh.bhave@zomato.com,American,NIBM Road,NIBM RoadAmerican,0,CA,287,153,81,51,0.0037,DOTD,Salt 20-40%,BOGO,Salt 0-20,Flash Sale,Stepper,625,445,600,1045,0,0,100 off at mov 299,125 off at mov 499,175 off at mov 699,FLAT 20% off at MOV 1000,628,600,675,1045,0,0,100 off at mov 299,125 off at mov 499,175 off at mov 699,FLAT 20% off at MOV 1000,760,614.44446,699,1265,0,0,100 off at mov 299,125 off at mov 499,175 off at mov 699,FLAT 20% off at MOV 1000,0.00%,,,,,,,,,,"Crispy Potato Wedges, Saut√©ed Vegetables - 250 GMS, Sweet Potato Mash - 250 GMS, Saut√©ed Mushrooms - 250 GMS, Mac-n-cheese - 250 GMS, Diet Coke 300 ML, Mountain Dew - 250 ML, Fanta - 250 ML, Campa Cola - Cola - 200 ML, French Fries, Burger Bun (2 Pieces), Baguette Bun (2 Pieces)",,,,,,,,,,,,,,,,,,,,,,,,,,,,,,,,,,,,,,,,,,,,,,,,,,,4,4,4,,0,0,0,287,South,0,0,0,,4,4,4,,0,0,0,1
19320304,Hotel Al Zaika,Anudeep Pawar,anudeep.pawar@zomato.com,samrudhh.bhave@zomato.com,North Indian,Dhanori,DhanoriNorth Indian,0,CA,408,110,127,159,0.0153,Salt 20-40%,BOGO,Salt 0-20,Stepper,Flash Sale,DOTD,985,832.5095,699,1637.214,0,0,100 off at mov 299,125 off at mov 499,175 off at mov 699,FLAT 20% off at MOV 1000,1035,882.5095,699,1687.214,0,0,100 off at mov 299,125 off at mov 499,175 off at mov 699,FLAT 20% off at MOV 1000,1153,1000.66376,699,2021.98,0,0,100 off at mov 299,125 off at mov 499,175 off at mov 699,FLAT 20% off at MOV 1000,70.00%,#REF!,,,,,,,,,"Veg Thali, Special Thali, Dal Khichdi, Veg Manchow Soup, Aloo Paratha, Chole Bhatoore, Dal Tadka, Veg Biryani, Jeera Rice, Tandoori Soya Chaap, Chicken Biryani, Veg Matka Biryani, Paneer Tikka Masala, Tawa Chappati (3pcs), Veg Manchurian, Paneer Tikka Masala Dal Makhani Meal, Paneer Lawabdar Tikka (must Try), Pav Bhaji, Paneer Chilli, Chicken Lollipop (6pcs), Chicken Tandoori, Veg Pulao, Veg Hakka Noodles, Tadke Wali Dal Khichdi, Paneer Butter Masala",Yes,Yes,Yes,349,80,Yes,549,80,Yes,749,80,No,,,Yes,349,80,Yes,549,80,Yes,749,80,No,,,Yes,349,80,Yes,549,80,Yes,749,80,No,,,No,,,,,,,,,,,,4,4,4,,0,0,0,408,South,3,3,3,,4,4,4,,0,0,0,1
18557503,Hotel Malabar,Anudeep Pawar,anudeep.pawar@zomato.com,samrudhh.bhave@zomato.com,North Indian,Karve Nagar,Karve NagarNorth Indian,0,CA,694,128,181,366,0.0206,Salt 20-40%,BOGO,Salt 0-20,Stepper,Flash Sale,DOTD,743,645.57544,699,1276.7467,['TASTY-199-75'],0,No action required,125 off at mov 499,175 off at mov 699,FLAT 20% off at MOV 1000,793,695.57544,699,1278.72,0,0,100 off at mov 299,125 off at mov 499,175 off at mov 699,FLAT 20% off at MOV 1000,1098,1017,699,1635,0,0,100 off at mov 299,125 off at mov 499,175 off at mov 699,FLAT 20% off at MOV 1000,70.00%,,,,,,,,,,"Veg Thali, Jeera Rice, Dal Bhati Thali, Dal Khichdi, Mini Thali, Chicken Biryani [Half] with Chicken Lollipop [2 Pieces], Chicken Biryani, Dal Tadka, Poha, Mix Veg Thali, Amul Pav Bhaji, Dal Khichadi Tadka, Upma, Sev Bhaji, Khandeshi Zatka Special Chicken Thali, Paneer Butter Masala, Tandoori Chicken, Idli Sambar, Dal Fry, Medu Vada with Sambar, Punjabi Thali, Masala Papad, Chicken Thali, Paneer Tikka Masala, Chicken Lollipop [6 Pieces]",,,,,,,,,,,,,,,,,,,,,,,,,,,,,,,,,,,,,,,,,,,,,,,,,,,3,4,4,,1,0,0,694,South,0,0,0,,4,4,4,,0,0,0,1
22115273,Cafease,Shiv Udasi,shiv.udasi@zomato.com,divya.gugle@zomato.com,Pizza,Salunkhe Vihar Road,Salunkhe Vihar RoadPizza,0,CA,129,11,25,80,0.0037,Salt 20-40%,BOGO,Salt 0-20,Stepper,Flash Sale,DOTD,253,218,318,398,"['GET150-449-150', 'TASTY-199-80', 'GET100-249-100', 'GET125-349-125', 'DELIGHT75-159-75', 'DELIGHT50-159-50', 'DELIGHT50-199-50']",0,No action required,No action required,No action required,No action required,303,268,368,448,,,,,,,,,,,,,,,,,20.93%,,,,,,,,,,"Margherita Pizza, Spicy Grilled Chicken Pizza, Butter Chicken Pizza, Vegetale Pizza, Choco Lava Cake, BBQ Chicken Pizza, Chicken Alfredo Pizza, Greek Pizza, Peri Peri Crispy Chicken Wings [6 Pieces], Paneer Makhani Pizza, Exotica Alfredo Pizza, Four Cheese Pizza, Classic Salted French Fries, Chicken Sausage Pizza, Chicken Tikka Pizza, Peri Peri Chicken Pizza, Peri Peri Cheesy Potato Shots, Peri Peri French Fries, Chicken Trio Pizza, Cheese Garlic Rolls, Mixed Sauce Pasta, Penne Arrabbiata Pasta, Pepsi Soft Beverage, Cheesy Potato Shots [Regular], Mushroom Bruschetta",Yes,Yes,Yes,,,Yes,,,Yes,,,Yes,,,Yes,,,Yes,,,Yes,,,Yes,,,Yes,,,Yes,,,Yes,,,Yes,,,Yes,,,,,,,,,,,,0,0,0,,4,0,0,129,Gripp,4,4,4,,4,0,0,,0,0,0,1
21456889,Hotel 36 Spoon Family Restaurant And Bar,Anudeep Pawar,anudeep.pawar@zomato.com,samrudhh.bhave@zomato.com,North Indian,Undri,UndriNorth Indian,0,CA,113,35,31,46,0.0041,Salt 20-40%,BOGO,Salt 0-20,Stepper,Flash Sale,DOTD,409,350,450,610,"['TASTY-199-75', 'GET125-349-125', 'GET100-399-100', 'GET150-499-150']",0,No action required,No action required,No action required,No action required,459,400,500,660,,,,,,,672,659,699,1170,"['FOODIE-199-75', 'NOMNOW100-399-100', 'NOMNOW125-599-125', 'NOMNOW-199-75', 'BINGE100-399-100', 'BINGE125-599-125']",0,No action required,125 off at mov 499,150 off at mov 599,200 off at mov 849,20.16%,,,,,,,,,,"Spl Chole Bature, Jeera Rice, Dal Khichdi, Veg Manchow Soup, Dal Tadka, Aloo Paratha, Special Punjabi Thali, Paneer Tikka Masala, Veg Hakka Noodles, Dal Khichdi Tadka, Laccha Paratha, Chicken Tandoori, Veg Biryani, Samosa [2 Pieces], Chicken Fried Rice, Veg Maratha, Matka Dum Biryani, Chicken Kolhapuri [6 Pieces], Veg Manchurian, 2 Paratha with Aloo Bhujiya, Chole Bhature, Cold Drinks, Paneer Chilli, Paneer Butter Masala, Paneer Paratha",,,,,,,,,,,,,,,,,,,,,,,,,,,,,,,,,,,,,,,,,,,,,,,,,,,0,0,3,,4,0,1,113,South,0,0,0,,4,0,4,,1,1,0,1
19786589,Sugee Veg,Anudeep Pawar,anudeep.pawar@zomato.com,samrudhh.bhave@zomato.com,North Indian,Undri,UndriNorth Indian,0,CA,77,32,30,12,0.0016,Salt 20-40%,BOGO,Salt 0-20,Stepper,Flash Sale,DOTD,577,520,699,1110,['GET150-649-150'],0,40 upto 80,100 off at mov 349,125 off at mov 449,No action required,627,570,749,1160,,,,,,,677,610,799,1210,['NOMNOW100-349-100'],0,100 off at mov 299,125 off at mov 499,175 off at mov 649,200 off at mov 899,10.81%,,,,,,,,,,"Spl Chole Bature, Jeera Rice, Dal Khichdi, Veg Manchow Soup, Dal Tadka, Aloo Paratha, Special Punjabi Thali, Paneer Tikka Masala, Veg Hakka Noodles, Dal Khichdi Tadka, Laccha Paratha, Chicken Tandoori, Veg Biryani, Samosa [2 Pieces], Chicken Fried Rice, Veg Maratha, Matka Dum Biryani, Chicken Kolhapuri [6 Pieces], Veg Manchurian, 2 Paratha with Aloo Bhujiya, Chole Bhature, Cold Drinks, Paneer Chilli, Paneer Butter Masala, Paneer Paratha",,,,,,,,,,,,,,,,,,,,,,,,,,,,,,,,,,,,,,,,,,,,,,,,,,,3,0,4,,1,0,0,77,South,0,0,0,,4,0,4,,0,1,0,1
20571186,Naadbramha Idli,Anudeep Pawar,anudeep.pawar@zomato.com,samrudhh.bhave@zomato.com,South Indian,Talawade,TalawadeSouth Indian,0,CA,169,89,46,31,0.0037,Stepper,BOGO,Salt 0-20,Flash Sale,FALSE,FALSE,229,220,320,335,0,0,40 upto 80,100 off at mov 249,125 off at mov 349,150 off at mov 449,279,270,320,335,0,0,40 upto 80,100 off at mov 249,125 off at mov 349,150 off at mov 449,329,320,320,400,0,0,40 upto 80,100 off at mov 249,125 off at mov 349,150 off at mov 449,0.00%,#REF!,,,,,,,,,"Idli [6 Pieces] with Chutney and Sambhar, Idli [12 Pieces] with Chutney and Sambhar, Medu Vada [2 Pieces], Idli Chutney Samber [6 Pieces], Idli [12 Pieces] Chutney and Samber, Medu Wada Samber [2 pcs ], Idli [3 Pieces] with Chutney and Sambhar, Idli Chutney Samber [9 Pieces], Button Ghee Masala Idli [14 Pieces], Tea, Idli [3 Pieces] Chutney and Samber, Idli [15 Pieces] Chutney and Samber, Button Ghee Masala Idli [12 Pieces], Thatte Ghee Masala Idli [1 Piece], Vegetable Appe [6 Pieces], Thatte Ghee Masala Idli, Idli¬†with Medu Vada and Button Idli, Idli [1 Piece] with Vada [1 Piece], Blue Curacao Mojito [250 ml], Orange Mojito [250 ml], Water Bottle [1 ltr ], Green Apple Mojito [250 ml], Naadbramha Mineral Water [500 ml], Lemon Mint Mojito [250 ml]",Yes,No,,,,,,,,,,,,,,,,,,,,,,,,,,,,,,,,,,,,,,No,,,,,,,,,,,4,4,4,,0,0,0,169,South,0,0,0,,4,4,4,,0,0,0,1
21620911,Mumbai Pavbhaji And Sandwich,Anudeep Pawar,anudeep.pawar@zomato.com,samrudhh.bhave@zomato.com,Street Food,Viman Nagar,Viman NagarStreet Food,0,CA,99,18,23,55,0.0017,Salt 0-20,Flash Sale,Stepper,BOGO,FALSE,FALSE,243,240,340,360,"['TASTY-199-40', 'GET100-499-100']",0,No action required,100 off at mov 249,125 off at mov 349,No action required,293,290,390,410,,,,,,,313,340,440,590,,0,,,,,17.04%,,,,,,,,,,"Vada Pav, Sabudana Khichadi Full, Poha Indori, Poha, Kacchi Dabeli, Samosa, Upma, Dal Kachori, Idli Chutney, Wet Bhel, Khaman Dhokla, Special Misal Pav, Pani Puri, Kolhapuri Vada Pav, Pohe and Rassa, Idli Sambar, Jodhpuri Aloo Pyaz Kachori, Sabudana Vada (2 Pc), Sabudana Vada [2 Vada], Tari Poha, Sabudana Khichdi, Dahi Sabudana Khichdi, Tea [Serves 1], Masala Poori, Sev Puri",,,,,,,,,,,,,,,,,,,,,,,,,,,,,,,,,,,,,,,,,,,,,,,,,,,2,0,0,,2,0,0,99,South,0,0,0,,4,0,0,,0,1,1,1